passer,targeted_receiver,n_plays,mean_RTS,std_RTS,min_RTS,max_RTS,mean_temporal_score,mean_spatial_score,mean_temporal_error_sec,mean_spatial_error_yards,completion_rate,completions,mean_epa,total_epa,mean_yards
Deshaun Watson,David Njoku,5,84.14386508885977,18.65706475480523,51.96277152798892,99.3797709923664,82.73504273504274,85.5526874426768,0.06,1.72718019170801,0.6,3,-0.3137539782095711,-1.5687698910478556,5.4
Zach Wilson,Breece Hall,6,79.60349809029155,22.696855771333468,34.03566776090406,94.6904654315409,84.8879248011569,74.31907137942619,0.09999999999999999,2.9852283035440608,0.6666666666666666,4,0.46232947097936067,2.773976825876164,6.166666666666667
Daniel Jones,Darius Slayton,5,79.22964521210916,17.103445554861132,51.9763500364964,96.75572519083968,88.41392649903288,70.04536392518546,0.08,2.484426532639632,1.0,5,0.34791014418005817,1.739550720900291,11.6
Daniel Jones,Wan'Dale Robinson,9,78.51729697379768,10.012195289520275,58.18464414739826,91.86545801526718,86.98849466029972,70.04609928729568,0.044444444444444446,2.9440731059226124,0.7777777777777778,7,0.3916920557255965,3.5252285015303686,5.0
Kenny Pickett,Pat Freiermuth,13,76.77583891212117,14.697584647089396,50.575809713477526,95.55808656036449,84.98723473108483,68.56444309315754,0.08461538461538462,4.456765391386628,0.8461538461538461,11,0.9088003473723525,11.814404515840582,10.615384615384615
Desmond Ridder,KhaDarel Hodge,8,76.36631445375303,13.608121240882754,53.227931488801055,94.43811693242218,88.82943067719992,63.90319823030613,0.025,3.8229873323195642,0.625,5,0.37317143598920793,2.9853714879136635,8.0
Jarrett Stidham,Jerry Jeudy,5,75.96345699920337,20.61417800425266,51.31043831902395,97.46949841843652,100.0,51.92691399840673,0.0,5.988242834448384,0.6,3,0.6578056448954156,3.289028224477078,14.6
Jimmy Garoppolo,Jakobi Meyers,23,75.42832822413652,17.805829467874837,34.798054455278326,98.62053369516056,93.28639388348202,57.570262564790994,0.013043478260869568,3.913687494091718,0.8260869565217391,19,0.35335705702132403,8.127212311490453,9.73913043478261
Bailey Zappe,Hunter Henry,10,74.73306388955564,31.06818921486304,15.727930022758065,99.47987336047038,75.00981098226261,74.45631679684865,0.18,2.455202456329541,0.7,7,0.1740763824258451,1.740763824258451,7.5
Tyson Bagent,Tyler Scott,6,74.3895771627745,19.618154511574623,38.79441577581098,95.68068747173226,86.1939474265518,62.58520689899718,0.08333333333333333,3.1697485268369143,0.6666666666666666,4,0.22541697994650586,1.3525018796790351,7.5
Ryan Tannehill,Nick Westbrook-Ikhine,14,74.35875932546598,25.050581005112868,6.205692117217343,97.8064224332881,84.14109613297465,64.57642251795731,0.32142857142857145,3.348583884928152,0.7857142857142857,11,0.3852999488049781,5.3941992832696934,8.857142857142858
Brian Hoyer,Jakobi Meyers,7,74.16877955857548,19.850352528410863,49.9292862559666,97.17322478516508,90.72926350583619,57.6082956113148,0.014285714285714287,4.769107479035722,0.42857142857142855,3,-0.4505145241273575,-3.1536016688915023,2.0
Deshaun Watson,Amari Cooper,18,74.07295677408776,20.112061183371043,37.71335449009349,99.373576309795,89.71269743816362,58.43321611001191,0.05555555555555555,3.188840019547736,0.8888888888888888,16,0.8253579681784484,14.85644342721207,10.444444444444445
Trevor Siemian,Jason Brownlee,5,73.7710043228832,13.112343273016501,58.44465648854962,85.44847328244273,100.0,47.5420086457664,0.0,3.645061307406383,0.6,3,-0.9596002521808273,-4.798001260904137,7.2
Kenny Pickett,George Pickens,31,73.49988550209069,19.640751819421038,22.88322692832459,98.12471757794847,82.80461017617397,64.19516082800742,0.1032258064516129,3.094493155848409,0.7096774193548387,22,0.3037913256520111,9.417531095212345,8.580645161290322
Patrick Mahomes,Justyn Ross,5,73.3280735673599,23.62387884910966,41.93291784710871,97.76006074411542,74.53578336557061,72.12036376914918,0.2,1.8184965262451283,0.4,2,-0.5429715796606615,-2.714857898303307,2.0
Aidan O'Connell,Michael Mayer,13,73.23127325541171,24.71274827968414,33.487359907415154,98.10212381382738,84.30193058891079,62.16061592191264,0.06923076923076923,3.2328401547418997,0.6923076923076923,9,0.7685911412565758,9.991684836335486,6.846153846153846
Josh Allen,Dawson Knox,11,73.04847687412611,14.762600260468755,48.07889447236181,95.1923076923077,82.74653813250406,63.350415615748176,0.05454545454545454,4.880884187913486,0.36363636363636365,4,-1.2312646005249748,-13.543910605774721,2.6363636363636362
Nick Mullens,T.J. Hockenson,8,72.85460470396744,25.024182495503883,26.33907095644136,96.22684139177588,82.87861884143238,62.830590566502494,0.1,3.361683502970111,0.875,7,0.8833306511514818,7.066645209211854,12.125
Daniel Jones,Parris Campbell,16,72.73687800889047,21.07995448549087,30.608596363324462,99.88703117939448,79.28740611700644,66.1863499007745,0.075,2.784691040583829,0.6875,11,-1.2401816628334899,-19.842906605335838,3.0
Dak Prescott,Tony Pollard,5,72.73394208258988,22.979666696201605,48.35099829149975,97.96656122910076,64.50469992769342,80.96318423748633,0.22000000000000003,2.228916784755497,0.8,4,-0.14733164346544073,-0.7366582173272036,4.2
Jared Goff,Brock Wright,6,72.47027793720183,19.747892333553853,48.86617006182224,97.01974183750949,62.029582352250465,82.9109735221532,0.11666666666666665,2.1039111607222862,0.8333333333333334,5,-0.14371616063484302,-0.8622969638090581,4.833333333333333
Will Levis,Josh Whyle,6,72.31624290344342,20.44665094623242,38.9070351758794,97.57023538344724,75.18610558869008,69.44638021819675,0.08333333333333333,2.762725478202056,0.5,3,-0.539796971175139,-3.238781827050834,5.666666666666667
Andy Dalton,Miles Sanders,5,72.10485567378109,22.0020678786547,52.24649486257339,96.5657478535924,68.6191311997861,75.59058014777608,0.13999999999999999,3.509742192192656,0.6,3,-0.06305440583965005,-0.31527202919825026,5.2
Tyrod Taylor,Darren Waller,15,72.05991064612697,17.296054367722636,47.534436596860864,99.48034342521464,93.25274016763379,50.86708112462016,0.04000000000000001,5.0608095747024215,0.7333333333333333,11,0.2693611793064823,4.040417689597234,8.533333333333333
Baker Mayfield,Rachaad White,10,71.86434027580012,26.374596170884978,33.190386524902635,96.35535307517084,69.63322242594869,74.09545812565155,0.22999999999999998,2.5543220155234176,0.9,9,-0.03686534079024586,-0.3686534079024586,8.5
Patrick Mahomes,Rashee Rice,43,71.78792712332223,20.615855405607636,16.723936443948883,100.0,87.69555887333856,55.880295373305906,0.06511627906976744,4.141676670877755,0.7441860465116279,32,0.18736352754126007,8.056631684274183,8.418604651162791
Gardner Minshew,Kylen Granson,12,71.72460417810001,24.31327036223196,19.47319974327681,96.14654517843584,85.02981947130884,58.41938888489119,0.10833333333333334,4.262038515887992,0.6666666666666666,8,0.27405107034913584,3.28861284418963,6.416666666666667
Gardner Minshew,Will Mallory,12,71.69693133221607,20.540962244547174,30.46439445921606,93.65384615384616,78.71536757727888,64.67849508715325,0.075,3.675065910182997,0.8333333333333334,10,0.42524046497419526,5.102885579690343,10.916666666666666
Jake Browning,Trenton Irwin,9,71.4479182235893,18.94862081110326,24.68935819726597,84.92995933122458,89.31541847133404,53.58041797584456,0.03333333333333334,4.314173797786257,0.6666666666666666,6,0.28482020092714116,2.5633818083442703,10.777777777777779
Joe Burrow,Irv Smith,6,71.1367993463206,16.696927325268682,48.80716607259039,90.11759384893712,72.85596538608031,69.41763330656089,0.11666666666666665,3.3856479796055474,0.6666666666666666,4,-0.03930983605095965,-0.2358590163057579,4.833333333333333
Zach Wilson,Tyler Conklin,20,71.08634628746256,21.172702709952905,32.887408960931964,99.373576309795,83.76302148424732,58.4096710906778,0.12,3.1654444085495586,0.9,18,0.461576555969077,9.23153111938154,9.25
Bailey Zappe,Tyquan Thornton,7,70.88130846255456,27.960617399632508,20.3536846681324,99.71526195899771,76.80276447295417,64.95985245215495,0.2857142857142857,2.9012834865530377,0.8571428571428571,6,-0.21669513424525771,-1.516865939716804,6.142857142857143
Tua Tagovailoa,River Cracraft,6,70.7824743099349,16.762727314377095,41.54623115577889,90.43416030534353,89.10000000000001,52.464948619869794,0.016666666666666666,4.4251941802619905,0.6666666666666666,4,0.6158611257172489,3.695166754303494,11.5
Tyrod Taylor,Wan'Dale Robinson,19,70.6514833525389,16.43929921746929,44.33867742018749,95.34568459105289,78.95034808305388,62.35261862202392,0.07894736842105263,4.011367485576465,0.8421052631578947,16,0.7993679428840743,15.187990914797412,10.736842105263158
Geno Smith,Colby Parkinson,10,70.47913004238161,24.362756835480955,17.70062952140756,96.94381169324222,68.99666578556135,71.96159429920185,0.15,3.393083768941529,0.8,8,0.2372589709120803,2.372589709120803,4.1
Brock Purdy,Christian McCaffrey,14,70.46168838822511,13.836671599988414,51.30750586735386,91.3239945774966,85.62793926827598,55.29543750817425,0.028571428571428574,4.420087821890199,0.7142857142857143,10,0.055533031529713624,0.7774624414159907,5.0
Justin Fields,Cole Kmet,28,70.45980911274104,18.495432317317942,28.265681101517053,99.81924988703118,82.22046636163056,58.699151863851505,0.0642857142857143,4.170241470895438,0.75,21,0.5176559916435503,14.494367766019408,9.321428571428571
Tyrod Taylor,Sterling Shepard,5,70.38830936180356,23.67419207460427,35.39787689329686,99.74874371859298,82.14700193423599,58.62961678937114,0.22000000000000003,2.9341601978397307,0.4,2,-1.58911642221501,-7.94558211107505,2.0
Russell Wilson,Adam Trautman,13,70.15517027812997,22.88928557869485,15.18304216293714,94.79578392621872,75.49118475811954,64.81915579814039,0.2923076923076923,4.133581916008641,0.6923076923076923,9,0.22664562233078941,2.9463930903002624,8.538461538461538
Brock Purdy,Kyle Juszczyk,8,70.01688179908273,25.114026261765964,12.451772609044946,90.4479578392622,81.77215719224306,58.26160640592239,0.17500000000000002,3.745286840270795,0.875,7,0.5876559639218611,4.701247711374889,8.25
Mitchell Trubisky,George Pickens,9,69.97329431221868,25.1855485943282,14.844755124796295,100.0,89.22440699126092,50.72218163317645,0.1,5.297219217719421,0.6666666666666666,6,-0.09318294426581374,-0.8386464983923236,9.444444444444445
Trevor Lawrence,Evan Engram,61,69.95614702312845,21.919996314557935,8.670466111216372,99.84813971146544,82.19297614704588,57.71931789921103,0.10491803278688525,4.04763947664893,0.7213114754098361,44,-0.03166684128160844,-1.9316773181781146,7.065573770491803
Brian Hoyer,Davante Adams,8,69.83861589450393,20.55589348423487,31.492523010358514,97.56679389312976,83.89377227928368,55.783459509724196,0.09999999999999999,4.635125763686998,0.5,4,-0.645993050653487,-5.167944405227896,5.5
Tua Tagovailoa,Braxton Berrios,17,69.72339908689393,20.378079477802356,33.3396669648063,96.66030534351144,84.20952100531238,55.237277168475494,0.07647058823529412,4.402598001188297,0.8235294117647058,14,0.5743726141860384,9.764334441162651,8.470588235294118
Derek Carr,Taysom Hill,15,69.6953897891467,16.259287720393957,30.98175214559075,96.98492462311556,95.07833212822366,44.31244745006973,0.013333333333333334,4.827989934166796,1.0,15,0.41331757461108914,6.199763619166337,9.066666666666666
Sam Howell,Dyami Brown,8,69.54650420852835,23.738055661091657,24.42975286720744,99.68368730230456,88.38249516441006,50.710513252646635,0.1625,3.460308103303735,0.75,6,0.8879714325157715,7.103771460126172,11.625
Jordan Love,Samori Toure,7,69.50845448334856,18.8741518160006,52.53279059249208,98.88003037205772,100.0,39.0169089666971,0.0,6.038782330025548,0.7142857142857143,5,0.04673795305591374,0.3271656713913962,6.714285714285714
Kyler Murray,Trey McBride,25,69.4644190153813,19.760444784156626,24.59106593883053,97.78581111613197,83.45952397856564,55.46931405219695,0.22,4.361091791667647,0.88,22,0.6595343891438099,16.48835972859525,8.92
Jordan Love,Tucker Kraft,10,69.37805494772242,21.62640873504578,20.78303584193617,98.80410022779044,83.06272936206103,55.69338053338381,0.25,3.677720402899638,0.6,6,0.14429796056938402,1.4429796056938402,6.7
Derek Carr,Michael Thomas,33,69.37227559493313,27.261790793220328,1.1486036292421802,98.3280614550384,82.87169903622335,55.872852153642924,0.1878787878787879,4.612287988670404,0.6666666666666666,22,0.38373969791273665,12.663410031120309,7.96969696969697
Derek Carr,A.T. Perry,6,69.29795813121667,16.80265913355969,50.91116173120729,97.5,100.0,38.59591626243337,0.0,5.792747097465468,0.8333333333333334,5,0.5249071219392728,3.149442731635637,9.833333333333334
Case Keenum,Noah Brown,7,69.19704506381859,14.186934114855514,52.73096832842833,96.79195140470767,92.44532803180914,45.94876209582804,0.014285714285714287,4.736383988077001,0.8571428571428571,6,1.3772791768091595,9.640954237664117,10.142857142857142
Desmond Ridder,Jonnu Smith,21,69.16852830908064,21.75048837459254,15.665167745224712,97.8053435114504,79.57726678117993,58.75978983698137,0.10952380952380954,3.575495120149386,0.8095238095238095,17,0.2421994147755736,5.086187710287046,9.0
Joe Burrow,Trenton Irwin,8,69.00109452750495,16.005602609777217,45.60639849043657,98.5573272589218,82.23068412731185,55.77150492769805,0.1,3.2454633893363405,1.0,8,0.8545952321874224,6.836761857499379,10.5
Daniel Jones,Isaiah Hodgins,9,68.88930408645462,16.927960193195087,47.12264630219586,96.89885496183206,84.19474907114038,53.58385910176886,0.03333333333333334,3.8995210258662416,0.8888888888888888,8,0.11469108688955625,1.0322197820060062,11.666666666666666
Joshua Dobbs,Zach Ertz,23,68.85991126486374,24.461527254905377,26.45764085815136,99.61590600994126,69.6356447304966,68.08417779923089,0.21304347826086958,2.9715177367911023,0.7391304347826086,17,-0.04478255608979508,-1.029998790065287,6.391304347826087
Anthony Richardson,Kylen Granson,5,68.84753637141878,14.699860629601666,52.28197017623136,89.9497487437186,100.0,37.69507274283755,0.0,7.113293788582777,0.2,1,-0.9639353403588767,-4.819676701794384,2.8
Tua Tagovailoa,Tyreek Hill,63,68.50960279834202,20.403654122610835,5.110993704132457,99.80769230769232,86.41355543965481,50.60565015702922,0.08095238095238094,5.292231289454949,0.6825396825396826,43,0.5506783324212485,34.69273494253866,10.095238095238095
Dorian Thompson-Robinson,Cedric Tillman,5,68.47804451892473,31.96512092539222,19.0558259713526,98.71099050203529,81.83988764044943,55.116201397400026,0.1,3.5213535062325363,1.0,5,0.6752746132086036,3.3763730660430182,12.0
Ryan Tannehill,Chris Moore,7,68.47664173359301,8.45717914214708,56.93628558517849,79.23076923076923,100.0,36.95328346718603,0.0,6.737905024782869,0.5714285714285714,4,-0.11755533598729254,-0.8228873519110478,7.857142857142857
C.J. Beathard,Evan Engram,10,68.47185563597732,22.699611718425196,9.642357271155802,86.59351145038167,85.57059961315281,51.37311165880184,0.16,3.9566243440013977,1.0,10,1.0524304813588974,10.524304813588973,10.1
Bryce Young,Stephen Sullivan,14,68.3241625895596,17.260602111354924,41.67593763447493,97.64616552771452,84.28741358608961,52.36091159302959,0.12142857142857143,4.423241634437099,0.5714285714285714,8,0.1574824564366799,2.2047543901135187,5.714285714285714
Matthew Stafford,Kyren Williams,8,68.30270718383679,16.59466773467197,48.1895664186417,93.70763669227291,82.65997830802603,53.94543605964753,0.037500000000000006,4.795706966542714,0.875,7,0.033618112196562966,0.2689448975725037,6.5
Dak Prescott,Michael Gallup,29,68.23845720122455,22.362473096050813,13.309728535895015,98.67122247532272,82.00608164848336,54.47083275396576,0.11034482758620691,3.5295416108541806,0.6896551724137931,20,0.19212874940773134,5.5717337328242085,8.03448275862069
Joe Burrow,Tanner Hudson,8,68.17673169806204,25.228921752912015,28.314568910000368,97.67284229552644,69.71583909161716,66.63762430450693,0.3,2.833038594702707,0.875,7,0.47145141690271003,3.7716113352216802,9.625
Mason Rudolph,George Pickens,5,68.14321153939909,17.374899720035103,54.03846153846154,97.7337786259542,100.0,36.286423078798165,0.0,6.999739575894429,0.8,4,2.181225425400772,10.90612712700386,29.8
Kyler Murray,Marquise Brown,6,68.08399091942816,26.408967205798536,24.24996952513552,90.5057251908397,86.64571244358478,49.52226939527154,0.13333333333333333,4.3757007382054285,0.6666666666666666,4,0.19304460792530556,1.1582676475518334,5.666666666666667
Will Levis,DeAndre Hopkins,33,68.07353094104242,21.164486163138708,13.093263125903114,98.59918662449164,86.96000764298839,49.187054239096454,0.05454545454545455,5.562130305800551,0.5454545454545454,18,-0.15172309262649822,-5.006862056674441,6.303030303030303
Josh Allen,Khalil Shakir,19,67.98630271188885,27.23847941948722,13.697383534340062,98.53007688828583,79.90906385528415,56.063541568493555,0.1105263157894737,3.61928215253798,1.0,19,1.32427719361639,25.16126667871141,12.947368421052632
Bryce Young,Adam Thielen,76,67.6868705923534,20.91659185516038,14.670142869602826,100.0,83.47932060336782,51.89442058133897,0.13026315789473683,5.148010082381021,0.6578947368421053,50,0.29877919408164955,22.707218750205367,6.526315789473684
Derek Carr,Foster Moreau,7,67.64883000002258,14.58896975096897,53.51815787889069,88.0764163372859,76.02238187344571,59.27527812659948,0.18571428571428572,4.757020363532791,0.8571428571428571,6,0.5700657118577509,3.990459983004256,11.857142857142858
Ryan Tannehill,Chig Okonkwo,17,67.63681308198773,21.39942384420248,31.92311915138002,97.3759541984733,71.5311498975188,63.74247626645666,0.10588235294117647,4.514728197279275,0.7647058823529411,13,0.07981216380893075,1.3568067847518226,8.529411764705882
Zach Wilson,C.J. Uzomah,6,67.56691066284716,18.30538806466829,44.30606530579875,95.71805006587616,92.7869116698904,42.34690965580394,0.03333333333333333,5.89335817613269,0.6666666666666666,4,-0.479493647804097,-2.876961886824582,6.5
Tua Tagovailoa,Jaylen Waddle,53,67.54490324295236,24.23952527352373,3.6071918689424383,99.49748743718592,86.09766974974683,48.992136736157896,0.06792452830188679,4.67730285655954,0.7169811320754716,38,0.6836400601347327,36.232923187140834,9.90566037735849
Will Levis,Chris Moore,10,67.48347197155925,21.75004554357114,31.05339708597622,93.34170854271358,74.04590533444309,60.9210386086754,0.15,3.546493920483363,0.8,8,0.662140507751611,6.62140507751611,12.5
Brett Rypien,Cooper Kupp,8,67.47285805323702,31.37413203802892,4.865784937592895,97.5502512562814,87.69880715705766,47.24690894941638,0.25,7.020033615323523,0.375,3,-0.952881337841972,-7.623050702735776,6.625
Matthew Stafford,Puka Nacua,80,67.44966526563047,23.75008385668976,2.7216618875620084,100.0,82.59608657972281,52.30324395153813,0.13375,4.552637045284941,0.6625,53,0.524138355004834,41.931068400386714,10.5625
Jarrett Stidham,Brandon Johnson,6,67.42778266496317,31.280394514628508,22.46610792054549,95.18129770992364,72.58853391578319,62.26703141414317,0.2833333333333334,2.7977313186656616,0.8333333333333334,5,0.41782480586940923,2.5069488352164555,5.5
Jalen Hurts,Dallas Goedert,35,67.40400205018003,23.703627531634382,15.116110383035362,99.38941655359564,80.54832121475782,54.259682885602246,0.1542857142857143,4.231736031460045,0.7428571428571429,26,0.33141037159366515,11.59936300577828,8.542857142857143
Kyler Murray,Michael Wilson,14,67.33967572479347,24.918944797277707,19.549307500312857,97.4236641221374,86.58798397539724,48.09136747418972,0.04285714285714286,5.27249975024432,0.7142857142857143,10,-0.09823692204580044,-1.375316908641206,9.5
Daniel Jones,Darren Waller,18,67.30318706854766,25.254641642387327,13.906370614975556,97.13740458015266,77.34474226901838,57.26163186807693,0.11666666666666667,3.375943315577842,0.8333333333333334,15,0.7428399611865945,13.3711193013587,10.11111111111111
Patrick Mahomes,Skyy Moore,13,67.24290491924033,25.232508846778366,8.92933984059879,96.27862595419847,75.44096402728299,59.04484581119769,0.13076923076923078,3.9864168794160832,0.6153846153846154,8,0.4253719646009046,5.52983553981176,9.76923076923077
Gardner Minshew,Mo Alie-Cox,6,67.09404506358028,16.857419504793594,40.39566287603413,83.84615384615384,92.7869116698904,41.401178457270184,0.03333333333333333,7.100972475069238,0.8333333333333334,5,1.055812915952023,6.3348774957121385,9.0
Justin Herbert,Austin Ekeler,8,66.99740716763604,21.63044323502903,38.735423918154055,98.61660079051384,71.1948662328272,62.7999481024449,0.1,3.350505631843433,0.5,4,-0.08614874623890552,-0.6891899699112441,5.25
Patrick Mahomes,Marquez Valdes-Scantling,16,66.963142784749,22.121524090532194,22.801821158676177,96.73076923076924,77.65617249245116,56.27011307704683,0.35000000000000003,4.710189151815767,0.75,12,0.6160962335125082,9.857539736200131,10.25
Baker Mayfield,Cade Otton,36,66.81679821128238,21.79652252169242,24.658810026303847,98.80725190839696,69.3052013760549,64.32839504650987,0.21111111111111114,3.3651405533391463,0.6944444444444444,25,0.08123596547779427,2.924494757200594,6.361111111111111
Mitchell Trubisky,Pat Freiermuth,6,66.80767258120433,16.774446315584054,45.58488058532567,96.94381169324222,74.31806645619513,59.297278706213525,0.11666666666666668,2.5901603377104885,1.0,6,0.9347466243198147,5.608479745918888,7.333333333333333
Kenny Pickett,Connor Heyward,9,66.78408056509339,18.948550402792968,38.02284586768181,99.01185770750988,73.01622321583552,60.55193791435124,0.15555555555555556,3.17463643511926,0.8888888888888888,8,0.4481047970087572,4.032943173078815,7.0
Jalen Hurts,Julio Jones,6,66.73891181365194,13.68918758416186,50.68337129840547,90.533212833258,82.37243207422134,51.10539155308255,0.03333333333333333,4.433083893303655,0.5,3,0.008162652433384099,0.04897591460030459,2.6666666666666665
Bryce Young,Hayden Hurst,16,66.6557255218745,23.86665432282654,17.217655888110983,98.17767653758544,75.78983237374509,57.521618670003896,0.11875,3.7267079635518154,0.5625,9,-0.13236984949253372,-2.1179175918805395,5.0625
Tua Tagovailoa,Durham Smythe,15,66.57028339719348,25.510024909516055,21.483737227498462,98.03434252146408,72.5148599604375,60.62570683394946,0.09333333333333332,3.7659221030588372,0.8,12,0.5742692187622501,8.614038281433752,6.666666666666667
Justin Herbert,Jalen Guyton,6,66.55879220758523,19.906106276009957,39.22634599765895,91.45992366412212,72.09864603481624,61.01893838035421,0.31666666666666665,3.707046714473748,0.5,3,-0.279153930324053,-1.674923581944318,4.0
Lamar Jackson,Mark Andrews,29,66.37805649343532,23.852334551371648,5.056753009668247,99.8644374152734,76.1349203172599,56.62119266961076,0.1896551724137931,3.996608163299977,0.7586206896551724,22,0.5984204364057372,17.35419265576638,8.689655172413794
Derek Carr,Alvin Kamara,15,66.23164359528097,27.16280514959735,17.153325756925984,98.45232715770447,63.06474620932078,69.39854098124117,0.19333333333333333,2.996044946359181,0.8666666666666667,13,0.4108164325356477,6.162246488034715,6.866666666666666
Joe Burrow,Tyler Boyd,38,66.22675248241461,23.567740669790858,20.03682777253624,98.84667571234736,75.19985814148377,57.253646823345456,0.09736842105263159,3.4618385238978733,0.7631578947368421,29,0.39545633473684805,15.027340720000225,7.052631578947368
Jake Browning,Tyler Boyd,17,66.21827956964937,14.463149739571563,49.463936118809386,96.65907365223994,86.29931074605955,46.137248393239204,0.1,4.5774690303874035,0.7058823529411765,12,-0.1855574673836071,-3.1544769455213206,9.823529411764707
Jimmy Garoppolo,Davante Adams,25,66.18474430760291,23.71989382188932,6.425561797752802,98.56870229007632,79.76707770027306,52.60241091493278,0.1,5.030778372799565,0.68,17,0.27681358676636636,6.920339669159159,8.16
Lamar Jackson,Odell Beckham,34,66.12291550577592,22.758707764157183,14.386150184406905,99.76145038167938,76.54743384761758,55.69839716393424,0.17647058823529413,4.157497233394018,0.7352941176470589,25,0.5612963466384616,19.084075785707697,10.117647058823529
Tua Tagovailoa,Cedrick Wilson Jr.,19,66.061288694933,18.44974104275108,34.56852002744661,97.98915499322186,80.12845584748209,51.99412154238391,0.05789473684210527,4.699119689906954,0.7368421052631579,14,0.5317687522926317,10.103606293560002,9.368421052631579
Justin Herbert,Josh Palmer,20,66.0503124173417,22.77533183730774,26.4255714019816,97.58246723904202,85.3144382767068,46.786186557976606,0.035,5.330387503744898,0.7,14,-0.016582245880272704,-0.3316449176054541,8.55
Desmond Ridder,Drake London,45,66.0380354640246,22.52405414427145,6.508116047688469,96.51717557251908,80.92258530924654,51.15348561880267,0.12000000000000001,5.015504892933958,0.6666666666666666,30,0.02512383918640115,1.1305727633880518,7.333333333333333
Jake Browning,Tanner Hudson,17,66.03536129189933,21.360842223189728,16.87754179846362,91.16583822864888,78.06753404945559,54.00318853434308,0.5705882352941176,3.8797138680340555,0.7647058823529411,13,0.5711420715327704,9.709415216057097,8.058823529411764
Jared Goff,Sam LaPorta,71,66.02265126610834,20.28693403324831,10.017743803070596,99.70628106642567,77.24786629931398,54.7974362329027,0.12112676056338027,4.1527275008501805,0.704225352112676,50,0.23743541330315535,16.85791434452403,7.71830985915493
Mac Jones,Rhamondre Stevenson,7,65.99502555856883,16.31068266516846,35.50699893815292,84.43289652056032,76.55243865379093,55.4376124633467,0.17142857142857143,3.987869481226053,0.5714285714285714,4,-0.5098990769391609,-3.5692935385741262,2.4285714285714284
Desmond Ridder,Kyle Pitts,41,65.90947429572778,24.171684056874184,7.660684468494331,98.9749430523918,71.27239608068987,60.54655251076567,0.15121951219512195,4.21263798481055,0.6341463414634146,26,0.16676172158516175,6.837230584991632,7.097560975609756
C.J. Stroud,Brevin Jordan,7,65.87812334544287,18.865289941641503,45.92348185950768,92.79258924536828,83.84831460674158,47.90793208414417,0.028571428571428574,5.09921439865289,0.8571428571428571,6,0.8854906834977948,6.198434784484563,9.857142857142858
Derek Carr,Juwan Johnson,21,65.8565806053499,23.942031007308316,18.518179908913197,98.83642114776322,81.5115793099047,50.201581900795105,0.1619047619047619,5.136482598131447,0.6190476190476191,13,0.07674390207310873,1.6116219435352832,5.9523809523809526
Easton Stick,Josh Palmer,10,65.84863323721356,22.150275928493063,22.51038937403674,96.03264996203492,74.77819486239416,56.919071612032965,0.13999999999999999,4.440874225720757,0.7,7,0.6512435613723935,6.512435613723935,9.7
Joshua Dobbs,Rondale Moore,14,65.77277308438003,22.354257691284527,32.106816360992795,99.59331224582016,73.51780199433973,58.027744174420334,0.07857142857142858,3.586447911266969,0.5,7,-0.22502278096674627,-3.150318933534448,4.357142857142857
Tim Boyle,Garrett Wilson,14,65.77080922528718,23.78448684138226,11.92562814070352,97.6389516493448,88.79448404090486,42.74713440966949,0.03571428571428571,7.469264489769116,0.6428571428571429,9,-0.1640970385633415,-2.297358539886781,4.357142857142857
Lamar Jackson,Rashod Bateman,30,65.72975315009937,25.740061288410224,11.162781971009522,100.0,79.29199041926746,52.167515880931255,0.14666666666666667,4.629956502610869,0.7333333333333333,22,0.5232662035928416,15.69798610778525,9.333333333333334
C.J. Stroud,Xavier Hutchinson,9,65.72301984304863,22.23494120449027,16.744843039711817,94.59520578923564,90.9878277153558,40.45821197074145,0.03333333333333333,5.621014743561238,0.5555555555555556,5,-0.5573001844394538,-5.015701659955084,4.222222222222222
Dorian Thompson-Robinson,David Njoku,14,65.72069042039855,26.201271625497014,15.871296577818327,94.7356529597831,69.4961884242909,61.945192416506224,0.18571428571428572,4.179117923821032,0.5714285714285714,8,0.03158760094499654,0.4422264132299516,6.428571428571429
Dak Prescott,Brandin Cooks,39,65.63501192023784,24.78893148292923,4.506277822082594,97.85359240849525,79.51627958116264,51.75374425931304,0.1564102564102564,4.489241254469036,0.6923076923076923,27,0.2668986001980299,10.409045407723166,6.9743589743589745
Russell Wilson,Marvin Mims Jr.,9,65.58717809047852,11.903944456095445,50.39525691699605,81.15942028985506,86.89973922701112,44.27461695394593,0.05555555555555555,7.305943731032155,0.7777777777777778,7,0.2527169817476549,2.2744528357288942,12.222222222222221
Tommy DeVito,Wan'Dale Robinson,12,65.56402555334519,25.118286067021238,20.29817088449009,99.40711462450594,68.16833785915149,62.95971324753888,0.21666666666666667,4.919705832772226,0.75,9,0.6760986601924137,8.113183922308965,8.583333333333334
Patrick Mahomes,Richie James,8,65.56057010978631,19.854437194520056,28.63200067699609,87.21192950745593,74.61153476825238,56.509605451320255,0.0625,4.672985230917837,0.625,5,0.583382588891254,4.667060711130032,10.625
Patrick Mahomes,Kadarius Toney,17,65.52242423855468,23.172522430182354,27.75485455529821,98.55399909624944,71.05600821583295,59.988840261276415,0.11176470588235293,3.3826989234001243,0.5882352941176471,10,-0.2818493463907069,-4.791438888642017,5.176470588235294
Bryce Young,Miles Sanders,6,65.47267417918853,20.76298862389527,37.786338794064775,86.24039765024852,85.27958544227525,45.66576291610182,0.08333333333333333,7.021361030459794,0.5,3,0.34062062960583667,2.04372377763502,5.166666666666667
Sam Howell,Curtis Samuel,29,65.44627492312183,21.911824763455943,14.693316322154562,99.84813971146544,70.49799732687424,60.39455251936945,0.13448275862068965,3.486681740100022,0.6551724137931034,19,0.17003681509482585,4.931067637749949,6.241379310344827
Lamar Jackson,Isaiah Likely,12,65.35140073240906,16.769638466237808,35.50451564883638,83.82633587786259,79.55831850873415,51.144482956083976,0.18333333333333335,5.120380559211624,0.6666666666666666,8,0.6149419940872269,7.379303929046723,11.5
C.J. Stroud,Mike Boone,5,65.31950419206973,15.901036040831826,48.47333625434926,91.38047898779936,82.98626174981923,47.652746634320245,0.08,4.300954996209505,0.8,4,0.10954054445028323,0.5477027222514161,4.4
Jake Browning,Tee Higgins,15,65.26723324127799,21.71655075976114,18.90804811769277,99.18893129770991,84.87918468052167,45.655281802034295,0.08666666666666667,5.457599763500815,0.6666666666666666,10,0.7467429623706271,11.201144435559407,14.866666666666667
Desmond Ridder,Bijan Robinson,8,65.19154816183155,21.874541899787875,29.765699562076332,88.45458653411659,72.35098918058604,58.032107143077056,0.1375,3.443341828610014,0.625,5,-0.546103661057713,-4.368829288461704,6.25
Easton Stick,Gerald Everett,7,65.09598460797781,19.205610464865625,44.72523826374029,98.48484848484848,57.2270054721542,72.9649637438014,0.15714285714285717,2.294370928510883,0.7142857142857143,5,-0.4007446541051774,-2.8052125787362416,5.142857142857143
Dak Prescott,CeeDee Lamb,100,65.07807364831838,20.168884726401075,5.142218457843728,97.9309035687168,81.69393611212247,48.46221118451428,0.14,4.962277338105394,0.79,79,0.5433397111011437,54.33397111011437,9.66
Geno Smith,Jake Bobo,12,65.0721259125104,28.341787838901094,14.95277253623809,98.75734297333936,73.85305285100587,56.29119897401492,0.1416666666666667,3.6316086386885904,0.75,9,0.419156251780805,5.02987502136966,7.166666666666667
Nick Mullens,Jordan Addison,14,65.05349842367303,17.641109177313457,17.073362628390672,90.0,83.83937826035242,46.267618586993656,0.05,5.733735521838616,0.7142857142857143,10,0.14880895939963365,2.0833254315948713,8.0
Joe Burrow,Tee Higgins,27,64.9932082384965,22.580491530603606,7.64640448751691,97.8530534351145,79.29233016844654,50.694086308546474,0.14444444444444443,4.3285052954302605,0.6296296296296297,17,0.42803712694310686,11.557002427463885,7.222222222222222
Justin Herbert,Alex Erickson,5,64.95435498003084,26.117965235381213,31.26435762305328,93.82632293080054,86.26068376068376,43.64802619937795,0.02,5.830017155093044,0.8,4,1.1169823944801451,5.584911972400726,12.2
Bailey Zappe,DeVante Parker,10,64.92071696413095,23.227819432005294,35.51896603482288,98.25870646766168,76.48224414839284,53.35918977986906,0.15,5.181574160946978,0.5,5,-0.4392250313423573,-4.392250313423573,6.7
Josh Allen,Gabe Davis,31,64.81569822695845,21.988697274242604,11.976383081530177,99.23076923076924,76.3226115413597,53.308784912557186,0.18387096774193548,4.341061739080683,0.6129032258064516,19,0.22644377840990773,7.01975713070714,8.64516129032258
Gardner Minshew,Josh Downs,51,64.75634070302753,23.50413118660732,12.39800099575702,98.51936218678816,73.22791129230161,56.284770113753446,0.21960784313725493,4.355218247998949,0.7254901960784313,37,0.14302086234366643,7.294063979526988,7.490196078431373
Andy Dalton,Adam Thielen,7,64.6727858287086,14.509932086237193,51.404707668944575,90.12908124525435,90.72926350583619,38.61630815158104,0.014285714285714287,6.232891709516269,0.8571428571428571,6,1.5359736084272824,10.751815258990977,16.142857142857142
Tyrod Taylor,Isaiah Hodgins,8,64.66752855496804,27.37497198251939,25.86864378775396,96.23115577889448,73.89990328820116,55.435153821734914,0.275,3.249131713242176,0.625,5,0.07827628328232071,0.6262102662585657,6.5
Jared Goff,Amon-Ra St. Brown,95,64.55837060104655,22.053442474404402,8.462881687711803,99.90962494351558,75.21543935145382,53.90130185063928,0.16526315789473683,4.396614220464924,0.7052631578947368,67,0.4405300407854245,41.85035387461533,9.23157894736842
Geno Smith,Noah Fant,15,64.46458181629957,20.825389536345064,7.55773436829916,96.31093544137022,84.68260157381513,44.24656205878401,0.08,5.793378632505356,0.7333333333333333,11,0.19457445430646902,2.9186168145970353,9.533333333333333
C.J. Stroud,Tank Dell,44,64.44198608900325,19.35979853318972,6.709261715198799,98.86934673366837,85.86736640350054,43.01660577450597,0.09545454545454546,5.591876328347775,0.75,33,0.5198127361244669,22.87176038947654,10.75
Mac Jones,DeVante Parker,14,64.43896013180634,25.9219532123869,13.104951110729898,94.59815546772067,83.32901260823805,45.54890765537465,0.08571428571428572,4.263731963205489,0.6428571428571429,9,0.44230865284667475,6.192321139853447,7.5
Will Levis,Chig Okonkwo,16,64.38191462330464,24.429169636710153,25.326847065977503,98.66696791685494,72.05283827322265,56.71099097338663,0.13125,4.3664160562804435,0.9375,15,0.7964692024252138,12.74350723880342,10.9375
Joshua Dobbs,T.J. Hockenson,26,64.13442070064124,21.381695032649084,11.888111888111894,95.91052869408044,77.44703745009676,50.82180395118572,0.10769230769230768,4.851125772214217,0.6538461538461539,17,0.40028393395074946,10.407382282719485,8.26923076923077
Bailey Zappe,Mike Gesicki,8,64.08138897193788,25.737387868510243,23.782056780169828,94.23859014911883,68.06959598230979,60.093181961565975,0.22500000000000003,3.159483453444564,0.875,7,-0.02336741228646027,-0.18693929829168215,5.75
C.J. Stroud,John Metchie III,14,64.04187742369126,16.865685233776002,33.6907959190568,95.2889447236181,81.55445665445666,46.52929819292587,0.07142857142857142,5.334770337337168,0.42857142857142855,6,-0.23825404275391687,-3.3355565985548363,4.642857142857143
Ryan Tannehill,Treylon Burks,6,63.884665388500515,28.642821196812644,14.651635582304904,90.9090909090909,75.1178027472389,52.65152802976215,0.16666666666666666,5.03174952058482,0.16666666666666666,1,-0.6082727339041102,-3.649636403424661,2.3333333333333335
Sam Howell,Jamison Crowder,8,63.879397463189385,34.44660414296012,15.58082531495784,95.25691699604744,70.3688158967543,57.38997902962446,0.1375,3.8400782786940146,0.625,5,-0.05842205032240648,-0.46737640257925184,5.375
Mac Jones,Jalen Reagor,5,63.842876679828166,30.49263158588568,12.679396984924628,87.78625954198472,84.72,42.96575335965633,0.04,7.4552995517095155,0.4,2,-0.3204720360692592,-1.6023601803462961,4.4
Justin Herbert,Keenan Allen,72,63.80820675801158,23.962978700852844,6.269566429367863,98.3506552191595,74.57234169520599,53.044071820817166,0.16249999999999998,4.222536163221552,0.7777777777777778,56,0.6892584795196957,49.62661052541809,9.48611111111111
Justin Fields,Darnell Mooney,18,63.744113568076145,19.69153972296853,16.434320355568982,94.77980258162492,90.40375199907368,37.08447513707859,0.1,5.38931077341523,0.6111111111111112,11,0.10484232313400725,1.8871618164121304,9.0
Gardner Minshew,Michael Pittman,67,63.7320481745074,23.573286956066276,8.710239141025276,99.6153846153846,73.94732421988125,53.516772129133535,0.26119402985074625,3.890029882623635,0.7611940298507462,51,0.31484385055260466,21.094537987024513,8.611940298507463
Trevor Siemian,Garrett Wilson,20,63.67771660185542,25.40095279252293,7.23502230036882,99.92406985573272,75.91271504796052,51.44271815575031,0.16999999999999998,4.333732014719688,0.4,8,-0.648794052211451,-12.975881044229022,3.9
Kirk Cousins,Justin Jefferson,30,63.65598029145305,25.90747278374877,6.067401653720872,99.10782080485951,74.6389297856328,52.673030797273306,0.11333333333333333,5.463531883088787,0.7,21,0.6249967926162446,18.74990377848734,13.133333333333333
Jordan Love,Luke Musgrave,16,63.64698677056114,17.375647157863146,31.51734350239172,93.2806324110672,74.81073047009954,52.48324307102274,0.1125,4.400977690378671,0.75,12,0.7955738467499027,12.729181547998444,10.3125
Baker Mayfield,Trey Palmer,41,63.62473281029529,25.761915567686252,5.731954841391188,99.2094861660079,71.8383829457183,55.41108267487229,0.275609756097561,5.12287263232968,0.5121951219512195,21,-0.19811231838737975,-8.12260505388257,5.2682926829268295
Dak Prescott,Jake Ferguson,50,63.587551366424115,23.264711766079387,5.988494453574663,98.87031179394486,66.41865597362138,60.75644675922684,0.188,4.261508642376882,0.68,34,0.3230390926473774,16.15195463236887,8.02
Bryce Young,Tommy Tremble,11,63.50483915656451,25.457898184571107,14.94245742190907,97.28874830546768,78.98027058791841,48.02940772521061,0.14545454545454548,6.338057556753938,0.6363636363636364,7,-0.23025201183256935,-2.532772130158263,4.454545454545454
C.J. Stroud,Dalton Schultz,41,63.486396939862416,25.83522984214925,5.860315268047978,99.23664122137404,72.21246553973124,54.7603283399936,0.1780487804878049,4.326213789288479,0.6097560975609756,25,0.4484129797528129,18.38493216986533,7.414634146341464
Brock Purdy,Deebo Samuel Sr.,43,63.45381598443349,18.090187162063486,23.451035680590103,96.90185436454094,80.79691568331859,46.110716285548406,0.06744186046511627,4.596912381540521,0.6046511627906976,26,0.6441274624626518,27.697480885894027,11.488372093023257
Tim Boyle,Tyler Conklin,7,63.4153433064893,24.156709258923666,37.0223340368254,99.72862957937583,65.1802359883774,61.6504506246012,0.21428571428571427,2.8222599180724943,0.42857142857142855,3,-0.110780076755743,-0.775460537290201,3.142857142857143
Josh Allen,Dalton Kincaid,33,63.31789784272697,20.682427602039596,20.72422992573729,99.9774062358789,70.74385217358461,55.891943511869336,0.14242424242424243,4.3666466738154694,0.7575757575757576,25,0.06940015758190206,2.290205200202768,7.515151515151516
Jalen Hurts,DeVonta Smith,52,63.295307078979974,21.234780759478877,15.599409458145022,99.2462311557789,79.9195709213254,46.67104323663455,0.1346153846153846,5.182469664148676,0.7692307692307693,40,0.37107564863813763,19.295933729183158,10.211538461538462
Zach Wilson,Garrett Wilson,52,63.26836434036571,24.56297719415273,5.540013833983703,98.99809160305344,79.027516058335,47.50921262239641,0.2519230769230769,4.852142038236556,0.6538461538461539,34,0.20655853786537104,10.741043968999294,8.557692307692308
Jordan Love,AJ Dillon,6,63.208752742863744,18.418722432244223,39.73351383265114,88.1947582467239,67.30197274817701,59.115532737550474,0.18333333333333335,3.7624973682902607,0.8333333333333334,5,0.2722105230883846,1.6332631385303078,9.166666666666666
Jordan Love,Romeo Doubs,58,63.109888620630194,20.484246957838874,10.340929285096395,99.62311557788944,82.49420037680608,43.7255768644543,0.10689655172413794,5.4430636437845985,0.6724137931034483,39,0.2025112357092938,11.74565167113904,7.586206896551724
Brock Purdy,George Kittle,45,63.066362418040626,22.567079330333886,15.716131314864048,98.07953004970628,69.60008229621454,56.53264253986672,0.3688888888888888,4.29064078271313,0.6888888888888889,31,0.42828380984590503,19.272771443065725,9.733333333333333
Mac Jones,Hunter Henry,26,62.94953304557924,23.284041574691642,18.924662621026933,99.23181201988253,71.57582781418523,54.32323827697326,0.17307692307692307,5.26058025847631,0.6923076923076923,18,0.21105527005364327,5.487437021394725,6.961538461538462
Tommy DeVito,Jalin Hyatt,13,62.877017934426256,21.54950774376679,25.410626983446257,96.087786259542,74.48774707006307,51.26628879878944,0.2,6.216626666018611,0.5384615384615384,7,-0.6077807004599332,-7.9011491059791314,5.6923076923076925
Russell Wilson,Lil'Jordan Humphrey,8,62.83814049329414,20.754058860435777,32.12665998496618,95.50384093990058,70.30997696205351,55.36630402453477,0.0875,5.100916128374798,0.75,6,0.6777368708280838,5.42189496662467,7.375
Sam Howell,Jahan Dotson,47,62.82856746774594,22.395337017752748,14.817098333354572,98.21509263443288,71.886724450449,53.77041048504289,0.17872340425531916,4.655896346975984,0.6595744680851063,31,-0.06674872196348845,-3.1371899322839574,6.276595744680851
Trevor Lawrence,Tim Jones,7,62.77991970644855,26.116629213089677,23.160860287065876,96.94656488549616,82.34318872616745,43.21665068672967,0.08571428571428573,5.05157982976517,0.42857142857142855,3,-0.6351039662757625,-4.445727763930337,2.142857142857143
Trevor Lawrence,Christian Kirk,40,62.75824335942216,26.300993917119357,6.947400425661302,99.10782080485951,81.74695214945109,43.76953456939323,0.11750000000000001,5.699306978646662,0.7,28,0.23686040637694505,9.474416255077802,8.025
Trevor Lawrence,Jamal Agnew,7,62.73538007588566,17.778613435175505,41.38996697830003,96.58834161771352,82.24267955668877,43.22808059508255,0.042857142857142864,5.834977702666551,0.5714285714285714,4,-1.0310050019428936,-7.217035013600254,6.142857142857143
Mason Rudolph,Diontae Johnson,5,62.6775374855542,7.116274220842504,54.39536930757219,73.82512426570266,83.90455531453362,41.45051965657478,0.06,5.535812138983532,0.8,4,0.955926547246054,4.77963273623027,8.8
Brock Purdy,Jauan Jennings,20,62.50091159904505,26.04491838302081,10.967528164347256,99.53886693017128,75.62262692061685,49.37919627747324,0.215,5.392509752198886,0.55,11,0.21000618982070568,4.200123796414114,6.6
Jimmy Garoppolo,Hunter Renfrow,5,62.46074390073704,26.780002082066044,22.353707436315297,91.95140470766896,85.71629213483146,39.205195666642624,0.04,5.596550686341733,0.6,3,-0.3434137285337782,-1.717068642668891,8.0
Russell Wilson,Courtland Sutton,48,62.37078441923154,20.713001634131338,8.762755893404824,99.9548124717578,78.4731363735788,46.26843246488429,0.21666666666666667,5.649214997798815,0.75,36,0.11367263918388419,5.456286680826441,8.104166666666666
Josh Allen,James Cook,7,62.35766286560864,20.810099575550964,28.401243686243674,84.52327157704474,68.6860861481252,56.02923958309208,0.08571428571428572,4.028156349597096,1.0,7,0.9256898129575084,6.479828690702559,15.428571428571429
Joe Flacco,Cedric Tillman,10,62.318935524051504,22.925444393446124,25.93812970211297,99.66603053435114,71.86323099373803,52.77464005436499,0.12000000000000002,4.875590326275818,0.5,5,-1.2908435177756472,-12.908435177756472,6.1
Tyson Bagent,Cole Kmet,13,62.288736528192445,24.292281532321997,17.770462586412766,87.59602349751468,72.43921971827045,52.138253338114446,0.23076923076923078,4.811283762594264,0.7692307692307693,10,0.01208734990079634,0.1571355487103524,7.615384615384615
Aidan O'Connell,Austin Hooper,7,62.184469103115816,16.728311100640006,39.544788747488624,91.92672998643148,55.77846754405577,68.59047066217587,0.22857142857142856,2.484611753037821,0.7142857142857143,5,-0.418748583081261,-2.931240081568827,5.0
Lamar Jackson,Nelson Agholor,21,62.16065631973059,19.636329573409487,17.645770620526367,99.8869289914066,74.08791914031404,50.23339349914714,0.17142857142857143,4.580697357243106,0.7142857142857143,15,0.15508037075466824,3.256687785848033,8.285714285714286
Taylor Heinicke,Kyle Pitts,8,62.132774652832936,12.603444128565979,48.76325289437781,80.21257349615558,82.11701342557166,42.14853588009423,0.1125,5.105800812852653,0.375,3,-0.1046542416297595,-0.837233933038076,5.25
Trevor Lawrence,Zay Jones,30,62.018123041922685,22.548601856811782,9.382421363834638,96.475372797108,79.14482479958389,44.891421284261476,0.15666666666666668,5.553652206414439,0.6,18,-0.12520673423423437,-3.7562020270270313,4.8
Kirk Cousins,T.J. Hockenson,37,62.014221603171116,21.729163915920413,12.65679868524826,99.7964721845319,74.79365804665146,49.23478515969078,0.12432432432432432,4.408768578920278,0.7837837837837838,29,0.45146729550135606,16.704289933550175,8.324324324324325
Jared Goff,Jahmyr Gibbs,13,62.00277317705082,16.3392988808803,33.66177608877274,98.68956168097606,75.29895989765838,48.70658645644327,0.10769230769230768,4.361984624368817,0.6153846153846154,8,-0.3576765474415599,-4.649795116740279,3.6153846153846154
Tim Boyle,Jeremy Ruckert,5,61.94993643192879,16.276902605269346,40.422638299555885,84.1364503816794,74.77703091573063,49.12284194812694,0.13999999999999999,3.999535556799593,0.4,2,-0.4166947895428166,-2.083473947714083,2.8
Josh Allen,Trent Sherfield,9,61.79120171786878,22.61863750509078,30.948411745717465,99.16327453640886,86.62063718397067,36.96176625176688,0.03333333333333334,5.156333090543515,0.4444444444444444,4,-0.2045718457730916,-1.8411466119578244,4.888888888888889
Tommy DeVito,Darius Slayton,13,61.71783432312133,19.81945111362944,19.884371755161272,95.97570235383448,80.45921177794236,42.9764568683003,0.1769230769230769,4.431402330755063,0.6153846153846154,8,0.3159661458518638,4.107559896074229,8.923076923076923
Mac Jones,Kendrick Bourne,23,61.70983322775811,21.093428453953717,11.627519316658072,94.53227931488802,83.8114110464778,39.60825540903844,0.29130434782608694,5.837805021924324,0.7391304347826086,17,-0.2711265380924526,-6.235910376126409,8.130434782608695
Aidan O'Connell,Davante Adams,63,61.56382644753359,20.174870012168093,3.3209323269577107,98.85496183206106,75.94821204359559,47.1794408514716,0.15079365079365079,5.488276028910436,0.6349206349206349,40,0.13357182396372505,8.415024909714678,7.587301587301587
Jared Goff,Marvin Jones,7,61.49251379633863,32.848409572358456,11.69344415903326,94.91206030150754,73.48316383361431,49.50186375906293,0.5285714285714286,4.328738944487347,0.5714285714285714,4,-0.09136864250259688,-0.6395804975181781,4.571428571428571
Tua Tagovailoa,Julian Hill,7,61.44658658465569,16.16296918215368,36.75403702577616,80.8300395256917,67.89274555232002,55.00042761699137,0.14285714285714285,4.466291274535027,0.7142857142857143,5,-0.8094546397416188,-5.666182478191332,4.285714285714286
Justin Herbert,Quentin Johnston,16,61.437941377478325,18.205676719040557,30.659200692036443,96.701310438319,76.75272307554387,46.12315967941279,0.23750000000000002,4.727757968369275,0.5,8,-0.3592494827826158,-5.747991724521853,3.3125
Aidan O'Connell,Tre Tucker,13,61.34368599219553,20.326677627532707,17.3276487614341,90.0531511009871,74.31803519405705,48.36933679033402,0.14615384615384613,4.972097591887129,0.6923076923076923,9,0.28315955404049,3.68107420252637,9.615384615384615
Joe Burrow,Ja'Marr Chase,42,61.293934143241586,22.423294670993435,7.89468267278839,97.662213740458,75.15711198093508,47.43075630554809,0.1261904761904762,4.941840695771792,0.7142857142857143,30,0.6581333532813002,27.641600837814607,9.833333333333334
Andy Dalton,Terrace Marshall Jr.,5,61.22538177553152,28.623895938036856,20.814686732612014,97.08540442837776,65.36779324055667,57.08297031050637,0.34,3.737058398370441,0.6,3,0.15507426863769055,0.7753713431884528,4.8
P.J. Walker,Elijah Moore,11,61.204124941799336,21.031361779257796,23.877148110778705,94.21599638499774,77.15796784374051,45.250282039858156,0.15454545454545454,5.224462661244122,0.45454545454545453,5,-0.3114831823940304,-3.426315006334334,3.909090909090909
Bailey Zappe,JuJu Smith-Schuster,7,61.15458525852697,24.29723164153551,14.10451997315274,83.44465648854963,71.50382501607868,50.805345500975264,0.19999999999999998,5.858442826577579,0.5714285714285714,4,0.2631586836983587,1.842110785888511,12.428571428571429
Jordan Love,Jayden Reed,31,61.111856427306755,19.00775524561913,15.328137257688828,98.65384615384616,85.188128820917,37.03558403369652,0.04516129032258064,7.30297367749928,0.5806451612903226,18,0.39758045343877546,12.324994056602039,7.193548387096774
Will Levis,Nick Westbrook-Ikhine,11,61.05560937385239,23.901682532582825,19.77178089311261,93.27290076335878,84.57726656559689,37.53395218210788,0.14545454545454545,6.890140203109541,0.5454545454545454,6,0.2274692231439981,2.502161454583979,7.363636363636363
Jared Goff,Jameson Williams,20,60.915153429465704,15.000378668274491,17.660092173614196,92.02733485193622,86.763110889787,35.06719596914441,0.065,8.15882924288447,0.7,14,0.8606874441436965,17.21374888287393,13.45
Sam Howell,Logan Thomas,37,60.893228213672366,24.067379000015645,12.896558763616389,99.93412384716734,59.83545239358741,61.95100403375732,0.24594594594594593,3.279212614731282,0.7027027027027027,26,0.09240258484292255,3.4188956391881344,6.027027027027027
Davis Mills,Noah Brown,5,60.82201333664777,34.392751527459545,1.7158266619081883,82.3076923076923,80.26112185686654,41.382904816429,0.45999999999999996,6.238041670806892,0.6,3,0.6237111781141707,3.1185558905708533,7.6
Mac Jones,JuJu Smith-Schuster,14,60.769272345448904,21.130160145633372,18.223730299652363,88.61047835990888,68.0586218217505,53.4799228691473,0.25,3.6101167762897814,0.6428571428571429,9,-0.16082983442382565,-2.251617681933559,6.285714285714286
Trevor Lawrence,Parker Washington,10,60.754393283736725,30.70521715231607,12.386270008767957,99.2769995481247,71.24092204780884,50.26786451966462,0.16999999999999998,4.5547992145176055,0.8,8,0.24735160913551257,2.4735160913551257,7.3
Aidan O'Connell,Jakobi Meyers,25,60.73956658081489,20.99262179042107,17.745670018646802,98.4189723320158,74.27419438695208,47.2049387746777,0.136,4.451677901759226,0.68,17,0.3448992649721911,8.622481624304777,8.6
Matthew Stafford,Cooper Kupp,49,60.69382144911952,24.15145583086701,5.363077879749544,99.1640307275192,78.78363100510222,42.60401189313683,0.12040816326530612,5.6234613059800695,0.6326530612244898,31,0.003967168658962435,0.19439126428915932,6.673469387755102
Nick Mullens,Justin Jefferson,26,60.667390215183836,21.476784974207675,8.581219435930263,92.3076923076923,80.41226283837392,40.92251759199375,0.11153846153846156,6.431505024466945,0.6923076923076923,18,0.29999300600880263,7.799818156228869,9.538461538461538
Bryce Young,D.J. Chark,26,60.58067717989444,19.990717128853756,19.35247521989633,93.71859296482413,72.5016103465175,48.659744013271364,0.13076923076923078,5.241770467249527,0.6923076923076923,18,0.5585852139360776,14.523215562338018,10.538461538461538
Josh Allen,Stefon Diggs,73,60.481541608018695,25.51157609230209,5.424993567201297,98.84615384615384,67.35607861245873,53.60700460357867,0.2356164383561644,4.391620561478853,0.7123287671232876,52,0.16496944134378763,12.042769218096497,8.136986301369863
Jimmy Garoppolo,Josh Jacobs,8,60.47890162286286,17.81640140606289,42.50457184735306,88.34161771351107,60.59291395516992,60.3648892905558,0.1375,4.9610440779298886,0.5,4,0.19005400325841026,1.5204320260672821,7.25
Tommy DeVito,Isaiah Hodgins,5,60.47822805300895,14.066380039859219,45.96819804825502,77.04658525554048,70.01988071570577,50.93657539031212,0.13999999999999999,4.411902334429177,0.6,3,0.18414873611182045,0.9207436805591023,6.8
Jordan Love,Malik Heath,13,60.46944843109334,27.176669216972417,5.624731934040264,99.93221870763668,65.98882586001895,54.950071002167725,0.5692307692307692,3.399419857082196,0.6923076923076923,9,0.4345387908934547,5.6490042816149115,6.3076923076923075
Geno Smith,Will Dissly,6,60.3289686299693,21.01794386542129,36.81088643966035,95.9520578923564,61.92901875429782,58.72891850564079,0.16666666666666666,3.645060593511427,0.8333333333333334,5,0.5211978310835538,3.1271869865013224,9.333333333333334
Kenny Pickett,Allen Robinson,18,60.253529083814,25.727953516109363,12.964089051045567,96.40759150474469,75.97814677531926,44.52891139230875,0.1388888888888889,5.224490063803906,0.7222222222222222,13,-0.006937893958011763,-0.12488209124421173,5.111111111111111
Jalen Hurts,A.J. Brown,83,60.20128428206969,20.713339604201412,15.455981216850777,99.61832061068702,74.01614889831755,46.38641966582183,0.15180722891566265,4.76804888349713,0.7951807228915663,66,0.45975172939234865,38.15939353956494,9.433734939759036
Jared Goff,Josh Reynolds,34,60.178255558331934,25.43923270243396,9.58835449009349,97.51243781094529,72.36944437488613,47.98706674177773,0.19117647058823528,5.678657648425767,0.6176470588235294,21,0.6177058252043712,21.001998056948622,9.823529411764707
Geno Smith,DK Metcalf,51,60.15856217147869,25.224625886032623,3.7287832524831472,99.46848899012907,71.68050071177537,48.63662363118202,0.1784313725490196,4.428933310554294,0.5882352941176471,30,0.29391053492002517,14.989437280921283,9.03921568627451
Justin Herbert,Donald Parham,14,60.13020635935762,22.667357248748356,23.16835049472088,89.7105382180009,75.90474237094486,44.35567034777039,0.16428571428571428,4.789211887684432,0.7857142857142857,11,0.6170369198579079,8.63851687801071,7.857142857142857
Kyler Murray,Rondale Moore,14,60.08770608136831,21.626699996217937,16.126848137767695,94.72285497342446,77.52877130674119,42.64664085599543,0.1142857142857143,6.364239104941652,0.7142857142857143,10,0.6529465556710164,9.14125177939423,10.214285714285714
Patrick Mahomes,Travis Kelce,59,60.086757152981626,25.74771287807209,2.699926125991165,96.79168549480345,64.40040673304016,55.7731075729231,0.3,4.165558984858158,0.7796610169491526,46,0.5951679854493951,35.11491114151431,9.372881355932204
Matthew Stafford,Van Jefferson,12,59.98800120674999,11.665739490159776,42.32843553783584,84.50067781292363,74.70065628493778,45.27534612856223,0.05000000000000001,6.9551960525054914,0.4166666666666667,5,-0.7382963758476152,-8.859556510171382,3.8333333333333335
Anthony Richardson,Michael Pittman,10,59.96247761193176,22.77640411780174,34.19396984924623,93.84541984732824,58.82265816887828,61.102297054985264,0.37,3.833966360714694,0.8,8,0.015060465328860479,0.15060465328860478,5.3
C.J. Stroud,Nico Collins,54,59.80995595544999,23.172609798735557,6.06385548892697,98.99497487437186,80.03738620186465,39.58252570903534,0.1425925925925926,5.928530545264845,0.8333333333333334,45,0.9252544868935794,49.963742292253286,13.407407407407407
Joshua Dobbs,Marquise Brown,37,59.71229217707229,24.930371994369555,6.448681769037822,99.90458015267176,79.96905251812268,39.4555318360219,0.14054054054054055,5.88928845496667,0.6486486486486487,24,0.3489026839292694,12.909399305382967,6.918918918918919
P.J. Walker,David Njoku,9,59.52679626169447,26.372350001035795,1.3827033277494738,96.35535307517084,84.36732922901021,34.68626329437873,0.2,8.209679651252637,0.3333333333333333,3,-0.4465179847320538,-4.018661862588484,7.333333333333333
Justin Herbert,Gerald Everett,16,59.403766332490044,21.25086004410838,13.1918124900529,97.49670619235836,62.41815535506563,56.38937730991446,0.325,4.555821215990666,0.75,12,0.5000745268116585,8.001192428986537,9.375
Andy Dalton,D.J. Chark,5,59.38967504784881,26.947543467713498,19.30027232181148,92.581106870229,85.71629213483146,33.063057960866175,0.04,6.113722825509813,0.4,2,-0.5002536410233013,-2.5012682051165065,2.2
Baker Mayfield,Mike Evans,83,59.37341801846138,19.9312553969724,14.857352688909849,95.72977858111162,73.7537110939157,44.99312494300707,0.15180722891566267,5.476861215904056,0.6867469879518072,57,0.3823807735384602,31.737604203692193,9.024096385542169
Trevor Siemian,Xavier Gipson,7,59.329298395326596,30.896508877313973,19.666139968940517,95.39599236641222,64.25743144512185,54.40116534553134,0.21428571428571427,6.020405622437363,0.42857142857142855,3,-0.2675786824464531,-1.8730507771251719,4.0
Jordan Love,Bo Melton,11,59.19098956217408,19.46745582935981,20.467017842048847,95.1831750339213,80.42403801015259,37.957941114195584,0.06363636363636364,7.200126125732013,0.7272727272727273,8,0.205869481285017,2.264564294135187,7.545454545454546
Anthony Richardson,Josh Downs,6,59.15473147444299,27.689637498905263,27.125771935843552,88.95164934478083,77.05992509363296,41.249537855253,0.06666666666666667,6.538448235407649,0.6666666666666666,4,0.2265683101334903,1.3594098608009417,10.0
Deshaun Watson,Elijah Moore,20,59.14492087396976,24.73567716865536,3.096572082655588,99.42307692307692,66.04623085947158,52.243610888467934,0.47000000000000003,3.667606687549904,0.7,14,0.08614184896869048,1.7228369793738096,7.05
Jared Goff,Donovan Peoples-Jones,5,59.144570785004746,28.869335139658034,25.93201532550513,96.8034351145038,67.72697150430749,50.56217006570203,0.22000000000000003,3.6527103507421486,0.6,3,-0.1011217252933414,-0.505608626466707,6.6
Baker Mayfield,Chris Godwin Jr.,72,59.06821028885458,23.67566325551654,8.61793634472432,97.60506100316312,71.54798668657878,46.58843389113037,0.10416666666666667,5.6496944179924355,0.6944444444444444,50,0.6419836761714476,46.222824684344225,9.222222222222221
Brock Purdy,Brandon Aiyuk,62,59.046092363253926,22.684620758050922,9.146177896404565,99.07281772953414,75.82423133529264,42.26795339121522,0.17903225806451611,5.948622861538713,0.7580645161290323,47,0.47641850461631313,29.537947286211413,12.03225806451613
Kirk Cousins,Brandon Powell,14,58.989545363594594,26.074084678599558,10.581699072829782,98.07692307692308,75.4904345127957,42.48865621439348,0.5071428571428572,4.663521472478954,0.7142857142857143,10,0.4239203551301864,5.934884971822609,7.857142857142857
C.J. Stroud,Robert Woods,36,58.9004153355156,22.365008755323966,1.0019083969465616,97.7337786259542,74.20611368911912,43.59471698191211,0.16666666666666666,5.067911246643912,0.5833333333333334,21,0.06350061728961842,2.286022222426263,6.777777777777778
Joshua Dobbs,K.J. Osborn,6,58.87365616953292,16.591983206014696,42.74601149322967,81.97648123021257,59.833980447797536,57.91333189126829,0.21666666666666667,4.311485850008986,0.6666666666666666,4,0.33951019800345833,2.03706118802075,5.666666666666667
Easton Stick,Keenan Allen,6,58.809560860741634,27.074966271529394,16.600393015601668,96.99427480916032,72.25132976052987,45.36779196095336,0.2333333333333333,4.684159065229735,0.6666666666666666,4,0.5573207217288046,3.3439243303728277,8.666666666666666
Joe Flacco,Elijah Moore,17,58.71611488167629,30.04416930585187,9.036494935297828,94.86166007905138,71.01971719487779,46.412512568474796,0.3411764705882353,5.6011450357225065,0.4117647058823529,7,-0.003817803240107237,-0.06490265508182302,5.235294117647059
Kyler Murray,Greg Dortch,18,58.69526606880712,21.95461770261162,10.250251256281407,87.48353096179184,79.91984736042518,37.47068477718907,0.25,5.891967347226149,0.6666666666666666,12,0.7372383811388207,13.270290860498772,9.166666666666666
Kirk Cousins,K.J. Osborn,25,58.68158100314803,22.357114011127916,12.532432026760436,93.36832061068702,72.16150787775443,45.20165412854165,0.21200000000000002,4.58659149998474,0.56,14,0.08574860054068227,2.1437150135170566,7.52
Brock Purdy,Ronnie Bell,5,58.55572811983018,27.5312580058409,11.865833261857787,79.64824120603015,81.29213483146067,35.81932140819967,0.12,5.638689063967683,0.6,3,0.75798654537648,3.7899327268824,8.8
Matthew Stafford,Tyler Higbee,23,58.46661800572077,22.0360957324552,15.722028047002317,92.00180750112968,77.04139906126949,39.89183695017205,0.08260869565217392,5.675097776502181,0.6521739130434783,15,0.17935697758145205,4.125210484373397,5.608695652173913
Sam Howell,John Bates,5,58.46269557792707,28.25655000597857,21.760319964047,97.1105527638191,66.43133462282398,50.49405653303013,0.22000000000000003,3.7270206663326446,0.2,1,-0.5389638915425168,-2.6948194577125837,2.4
Sam Darnold,Brandon Aiyuk,6,58.40723955662879,35.56538230259537,10.879398110411534,98.2824427480916,68.91979842415526,47.89468068910232,0.4833333333333334,3.4016401515046426,1.0,6,1.055656804091994,6.333940824551965,10.833333333333334
Justin Herbert,Mike Williams,8,58.39797567508064,31.311267933078256,11.854758998897031,95.4997738579828,62.30489254550889,54.49105880465239,0.2625,5.14527789969936,0.75,6,0.18679713216988622,1.4943770573590898,7.0
Lamar Jackson,Zay Flowers,41,58.36107962982189,21.255920985196738,8.73425210833596,93.4139177586986,74.04767547309127,42.674483786552486,0.15853658536585366,6.052688994923066,0.7317073170731707,30,0.6324273610924843,25.929521804791857,10.609756097560975
Desmond Ridder,Van Jefferson,5,58.31095436935648,20.192382336494145,31.3242452182863,84.1165838228649,71.6938202247191,44.928088513993856,0.07999999999999999,4.074384252817227,0.6,3,-1.1636000933591275,-5.818000466795637,3.6
Joshua Dobbs,Trey McBride,17,58.17929726556052,19.602010743310228,28.69518766257897,96.92307692307692,73.64657026432539,42.71202426679565,0.13529411764705881,5.441768597000194,0.7058823529411765,12,0.25495562923264137,4.334245696954903,9.176470588235293
Will Levis,Treylon Burks,5,58.092771124107855,20.745406430303483,43.29053424205027,94.54997738579829,66.90455531453362,49.28098693368209,0.12,8.012262924320714,0.8,4,0.8975183718837796,4.487591859418898,16.0
Mac Jones,Mike Gesicki,15,58.042169822944196,21.64609269976787,23.729153862716828,87.0706106870229,62.35371149471905,53.730628151169334,0.21333333333333335,4.459269466130721,0.8,12,0.26128697402697654,3.919304610404648,6.8
Dorian Thompson-Robinson,Amari Cooper,14,57.98191133954295,22.403720780727415,21.66448734046729,86.40850417615793,62.31510204785696,53.648720631228926,0.10714285714285714,3.979970991599195,0.42857142857142855,6,-0.8031466639700484,-11.244053295580677,4.214285714285714
Easton Stick,Quentin Johnston,6,57.89071723775901,30.015189570559503,18.40854271356784,99.4729907773386,44.3408712755331,71.44056319998492,0.45,2.7796856122929126,0.8333333333333334,5,0.8618243140323716,5.1709458841942295,6.5
Joshua Dobbs,Michael Wilson,20,57.77880866309198,27.553848220679352,11.090579993579906,96.83794466403162,71.68513117872436,43.872486147459604,0.155,5.517720764482585,0.75,15,0.37894253780250503,7.578850756050101,10.3
Derek Carr,Chris Olave,62,57.77254028008634,20.77795361566007,5.367504835589946,95.99728629579376,73.00782225243935,42.537258307733325,0.19516129032258064,6.1108900369576045,0.6935483870967742,43,0.3379644748826153,20.95379744272215,8.064516129032258
Tyson Bagent,DJ Moore,11,57.70857675854377,25.799713088198555,4.4331381473338505,90.64885496183206,64.10254303421333,51.31461048287422,0.3090909090909091,4.125439438504163,0.8181818181818182,9,0.6264343253305097,6.890777578635607,9.454545454545455
Jordan Love,Christian Watson,29,57.66067727094157,24.20086997924835,12.87932773504621,99.2537313432836,69.41763320843687,45.90372133344627,0.23793103448275862,6.008463106214873,0.5517241379310345,16,-0.24965204951827052,-7.239909436029845,4.758620689655173
Easton Stick,Stone Smartt,5,57.64431194061352,26.77419286212808,23.882196657604982,91.37022397891964,81.84719535783366,33.441428523393384,0.1,7.206638899533118,0.8,4,0.40925000025890734,2.0462500012945366,7.4
Kenny Pickett,Diontae Johnson,26,57.55702574017602,27.124955273469336,3.434341998687172,95.84274740171712,70.66187738848778,44.45217409186426,0.27692307692307694,5.191187014708339,0.5384615384615384,14,0.04173812190016982,1.0851911694044152,7.038461538461538
Justin Fields,DJ Moore,37,57.552913896731226,21.379913753153552,6.411193625222878,93.8076416337286,67.68643603231901,47.41939176114344,0.1864864864864865,4.851392723157627,0.7837837837837838,29,1.046176549232867,38.708532321616076,11.54054054054054
C.J. Beathard,Calvin Ridley,5,57.548666108284735,22.965752264923296,27.037464990622556,80.92561709764735,67.37911025145067,47.7182219651188,0.22000000000000003,3.730707912567122,0.6,3,-0.21480547387618437,-1.074027369380922,5.4
Joshua Dobbs,Jordan Addison,20,57.38572559951125,23.52812534281665,17.146735147684673,98.21347806422432,70.3364160661483,44.435035132874205,0.16999999999999998,5.215589496686428,0.7,14,0.04733183967182464,0.9466367934364928,8.0
Jake Browning,Andrei Iosivas,8,57.194301912041524,20.179366951967022,37.91702485052664,99.65831435079728,64.65604820476244,49.73255561932061,0.3125,3.896024282818673,0.5,4,-0.18568252174009012,-1.485460173920721,4.75
Drew Lock,Jaxon Smith-Njigba,5,57.14457143575821,15.423724900599892,36.62228472011081,78.62957937584804,81.81623931623932,32.47290355527711,0.08,8.683626444997847,0.4,2,-0.36489499480230764,-1.8244749740115382,3.2
Gardner Minshew,Alec Pierce,34,57.020976870164,21.04621863481317,16.514644775514334,98.0325644504749,68.84514949006316,45.19680425026482,0.24705882352941178,4.708848956928097,0.5882352941176471,20,0.12228363282423856,4.157643516024111,6.0
Kyler Murray,Elijah Higgins,5,57.01326629363918,18.96947260615907,30.68605798095891,76.66064166290104,66.08814002854737,47.93839255873097,0.12000000000000002,5.496143496465534,1.0,5,1.4653900773264472,7.326950386632236,15.4
Sam Howell,Cole Turner,6,56.93596923454742,32.33221504111729,12.001936818707836,91.33165829145727,53.26842782257764,60.60351064651721,0.5666666666666667,4.369987556845959,0.6666666666666666,4,0.22523561515845306,1.3514136909507184,7.0
Taylor Heinicke,Van Jefferson,10,56.91342550893306,25.68619341834162,13.002806319028396,88.93129770992365,70.63592333811445,43.19092767975167,0.15,5.627508619633935,0.5,5,-0.19814561014645696,-1.9814561014645695,5.5
Russell Wilson,Jerry Jeudy,37,56.70874660880634,20.498470392023936,4.719877248714546,95.0,77.47603712176382,35.94145609584885,0.15135135135135133,6.4113564794193225,0.6756756756756757,25,0.25455700566778233,9.418609209707947,9.621621621621621
Jordan Love,Dontayvion Wicks,35,56.692528731989626,23.8600097350199,4.292962214012448,99.01290812452544,74.96909790618206,38.415959557797194,0.1657142857142857,6.141689302219237,0.7142857142857143,25,0.6675505876640925,23.364270568243235,11.514285714285714
Jared Goff,Kalif Raymond,18,56.66272286470189,27.831045632363885,10.465715800833769,98.9026717557252,70.61207754476808,42.713368184635684,0.18888888888888888,4.589925631685798,0.7777777777777778,14,0.6351423604776039,11.43256248859687,9.61111111111111
Ryan Tannehill,DeAndre Hopkins,34,56.55831964373811,26.41700695277303,10.835124935596728,99.80916030534353,64.77019034482764,48.34644894264857,0.20294117647058824,4.773221572284842,0.7352941176470589,25,0.26786502009353536,9.107410683180202,8.352941176470589
Matthew Stafford,Demarcus Robinson,21,56.42873791186247,28.751400051330087,4.365285130689321,91.9631093544137,70.91504928901531,41.94242653470962,0.1523809523809524,5.8817706934217675,0.7142857142857143,15,0.4818053715474286,10.117912802496,8.619047619047619
Trevor Siemian,Breece Hall,7,56.2446931729818,21.522559366434535,30.020660489448357,87.00858563036601,55.78309284752263,56.706293498440964,0.24285714285714285,3.54819037416172,0.7142857142857143,5,-0.5633407065844435,-3.943384946091104,3.857142857142857
C.J. Stroud,Noah Brown,17,55.97068901810224,23.69299106810065,11.71201986419378,95.81637268204432,73.86941482632582,38.07196320987867,0.11764705882352941,5.9626498046675485,0.5882352941176471,10,0.4288130440913581,7.289821749553088,12.705882352941176
Trevor Lawrence,Calvin Ridley,59,55.84835913272589,21.73649015060573,5.987925344659697,91.41989369779802,81.00253814455503,30.694180120896743,0.13220338983050847,6.949540581725286,0.6271186440677966,37,0.5091623491972637,30.040578602638554,7.372881355932203
Tyson Bagent,Darnell Mooney,9,55.75470782633349,17.25808396984469,29.188460372994957,79.48473282442748,75.90793669113079,35.60147896153617,0.08888888888888889,4.84333661599051,0.6666666666666666,6,-0.28403804389785714,-2.5563423950807143,9.444444444444445
Zach Wilson,Allen Lazard,29,55.703989434817316,24.82273196040829,8.86010807101809,100.0,71.07527457944421,40.33270429019042,0.22068965517241382,4.768197920428025,0.4482758620689655,13,-0.3548073715787256,-10.289413775783043,5.137931034482759
Derek Carr,Rashid Shaheed,31,55.47305551125714,25.35965357508509,2.393958276573037,91.1921032649962,64.85196364114977,46.09414738136452,0.35806451612903223,5.521318150606619,0.5806451612903226,18,-0.47926696424274984,-14.857275891525244,6.483870967741935
Joe Flacco,Amari Cooper,15,55.44046789210058,17.78142866142223,20.26852977939935,89.321608040201,67.48097432955818,43.39996145464298,0.26,5.4068820377001545,0.7333333333333333,11,0.3654682135209446,5.482023202814169,7.866666666666666
Joe Flacco,David Njoku,15,55.41547519641692,27.70653668899278,15.896809171538964,99.86824769433466,56.904692799717495,53.92625759311636,0.29333333333333333,4.2687599292615515,0.8,12,0.5001380690994357,7.502071036491535,12.0
Patrick Mahomes,Justin Watson,21,55.40720978721691,25.744995240533072,12.897790615181922,97.89196310935442,73.7576515458241,37.0567680286097,0.29523809523809524,9.377040042756121,0.5714285714285714,12,0.3366196495785725,7.069012641150022,9.761904761904763
Bryce Young,Jonathan Mingo,38,55.28785350355717,25.96770500548889,8.025589275754685,98.93697798025816,60.93458732323006,49.64111968388428,0.25,4.770866592941083,0.5,19,-0.463179505367359,-17.600821203959644,4.894736842105263
Mac Jones,DeMario Douglas,16,55.165186352362994,19.9795004915469,21.239493095462723,89.06461816538635,73.6053453390146,36.725027365711384,0.175,6.994269366178641,0.6875,11,0.5230465946660847,8.368745514657355,10.8125
Josh Allen,Deonte Harty,8,55.156567498877266,25.461009062389845,13.165670613305524,91.31679389312976,59.20982606179855,51.10330893595597,0.275,4.541423315429277,0.625,5,0.11346546690037865,0.9077237352030292,7.625
Sam Howell,Terry McLaurin,56,55.14919375466135,24.00318974862379,4.4691543658895965,98.52099236641222,68.923743619286,41.374643890036694,0.17857142857142858,5.325710514521234,0.6071428571428571,34,-0.25041299539563094,-14.023127742155333,6.910714285714286
Desmond Ridder,Mack Hollins,13,55.1322539629093,23.76948852573454,8.89682863024273,83.07727067329417,62.86912565283718,47.39538227298142,0.24615384615384617,4.613480988262203,0.5384615384615384,7,-0.06755608772017198,-0.8782291403622358,4.3076923076923075
P.J. Walker,Amari Cooper,11,55.12252786661432,21.49917005722462,8.457435793499378,89.45610687022901,79.65537901344086,30.58967671978779,0.17272727272727273,5.358510972769269,0.6363636363636364,7,0.38971447570524503,4.2868592327576955,8.090909090909092
Geno Smith,Tyler Lockett,47,54.98295725065261,24.534041441581646,6.385074523480688,91.7223282442748,70.82314808381484,39.14276641749038,0.26382978723404255,5.506637336114475,0.8085106382978723,38,0.4995166167351813,23.47728098655352,8.76595744680851
Jalen Hurts,Olamide Zaccheaus,5,54.89816272485183,32.797480293239765,9.326217943219827,99.38996836873022,62.61235955056179,47.18396589914187,0.26,4.881499901587551,0.4,2,0.7740595430135737,3.870297715067869,8.4
Nick Mullens,K.J. Osborn,7,54.72617742360715,27.98912563733276,5.020618647648045,91.43610013175233,75.9568340821388,33.49552076507548,0.1285714285714286,8.985181532475323,0.7142857142857143,5,1.1582028521391161,8.107419964973813,13.285714285714286
Bailey Zappe,DeMario Douglas,17,54.688831448249736,22.97151946564432,18.964049206258284,98.30546769091733,78.04742740460595,31.330235491893518,0.09999999999999999,6.9236099123869925,0.29411764705882354,5,-0.7330793799688659,-12.462349459470719,3.6470588235294117
Sam Howell,Byron Pringle,8,54.641255549147935,28.51516452375201,18.514557161778303,89.26796204247628,66.0301691670549,43.25234193124098,0.11249999999999999,5.561553473549772,0.625,5,0.23102873758762166,1.8482299007009733,10.25
Matthew Stafford,Tutu Atwell,35,54.61248131257878,21.11724472034534,11.900240348951062,87.52847380410023,78.37556496111577,30.849397664041803,0.09714285714285714,7.685793813246588,0.5428571428571428,19,0.2555029009585268,8.942601533548437,8.742857142857142
Geno Smith,Jaxon Smith-Njigba,32,54.54249971493569,22.008899412718616,6.025890416793329,89.74243108901943,68.77057284577445,40.31442658409692,0.21875,5.290888821791913,0.65625,21,-0.09280775397564833,-2.9698481272207466,5.9375
Bryce Young,Terrace Marshall Jr.,16,54.50762269226338,28.307778904479722,8.994839701361444,90.38896426956128,62.00898620473591,47.00625917979086,0.41875,4.339929785530801,0.625,10,-0.2870750629263067,-4.593201006820907,5.875
Aidan O'Connell,Hunter Renfrow,12,54.26512686495936,29.116407677100277,17.369516176645533,95.93312245820152,46.63518601142841,61.89506771849031,0.4166666666666667,3.5241098415243193,0.5,6,0.13016041463318592,1.561924975598231,5.083333333333333
Joshua Dobbs,Brandon Powell,12,54.041658379418436,25.284329649964135,3.1756093920421344,84.09263477600607,61.105165350888,46.97815140794887,0.2833333333333333,5.1289514050042575,0.75,9,0.6407594079161457,7.689112894993748,7.583333333333333
Jalen Hurts,Quez Watkins,9,53.97909295591953,13.091599719338433,29.347883751313912,73.8471673254282,76.38937682188813,31.568809089950932,0.12222222222222223,7.253792689319034,0.7777777777777778,7,-0.2040349392983547,-1.8363144536851923,7.333333333333333
Justin Fields,Tyler Scott,8,53.40119976093405,15.028291012879484,24.25267408552434,72.25485765928603,81.71839314360199,25.084006378266103,0.1125,9.99524860155974,0.375,3,-0.8630664299053026,-6.904531439242421,5.75
Patrick Mahomes,Noah Gray,17,53.37989733942699,28.69464550395037,4.51445625157854,98.9380930863082,54.09137264424902,52.668422034604944,0.47058823529411764,5.60956048328931,0.6470588235294118,11,0.4627741140190181,7.867159938323307,10.647058823529411
Kirk Cousins,Jordan Addison,29,52.537627721479325,23.163303453362886,3.311167459013139,97.94210764360018,60.57653323339245,44.49872220956619,0.3310344827586207,5.108587530780182,0.7931034482758621,23,0.5833226274317612,16.916356195521075,7.896551724137931
Jake Browning,Ja'Marr Chase,21,52.42496871185501,30.57525759740309,3.370100518553085,94.34637404580153,67.24462324229668,37.60531418141335,0.26666666666666666,5.694179789320619,0.6666666666666666,14,0.46823994770169286,9.83303890173555,8.904761904761905
Russell Wilson,Brandon Johnson,10,52.38422834168362,28.335889832305007,8.779972678372298,84.23076923076923,66.12754305507224,38.640913628294996,0.49000000000000005,6.439377111822607,0.6,6,0.46789168907562295,4.67891689075623,7.2
Kenny Pickett,Calvin Austin III,8,52.09933139044543,10.905879597412781,30.03281405250444,62.33619521012201,70.6525668835864,33.546095897304454,0.1,8.718852219802612,0.5,4,0.38881204402423397,3.1104963521938718,11.625
Dak Prescott,Jalen Tolbert,13,51.80243488716731,29.460259835699375,3.931789909955956,98.043893129771,58.56801441802166,45.03685535631295,0.43846153846153846,5.358966573705639,0.46153846153846156,6,-0.2569285136638565,-3.340070677630134,6.538461538461538
Tua Tagovailoa,De'Von Achane,5,51.56838337525217,23.94933321835445,27.041235176008623,85.31405332128332,70.56328694499669,32.57347980550765,0.26,6.779644039974573,0.4,2,-0.5671823607292025,-2.8359118036460123,1.6
Justin Fields,Chase Claypool,7,51.450672893755986,23.512619506329983,23.74422110552764,89.82412060301507,49.92450183912281,52.97684394838915,0.19999999999999998,4.147386962285091,0.42857142857142855,3,-1.0747120223407243,-7.5229841563850695,5.142857142857143
Trevor Siemian,Tyler Conklin,9,51.13360356811356,18.046273280457495,31.3317292086468,80.04970628106642,42.31813937157589,59.94906776465122,0.3333333333333333,3.278848841541198,0.6666666666666666,6,0.07883934485208662,0.7095541036687796,6.111111111111111
Drew Lock,Tyler Lockett,10,49.90181800784199,30.721289156243284,6.836457510028026,87.2614503816794,67.76930208499343,32.03433393069055,0.20999999999999996,7.322305780807149,0.6,6,0.40138074717833644,4.013807471783364,7.0
Easton Stick,Alex Erickson,10,49.569275806854066,22.195721762876857,2.187184189658237,71.11164122137404,61.18928059043689,37.949271023271244,0.27999999999999997,6.630447593021913,0.5,5,0.162423205771484,1.6242320577148401,8.7
Brian Hoyer,Michael Mayer,5,48.3457154156196,27.98621440109076,18.298016486423,87.30230456394035,57.12427230874101,39.56715852249819,0.14,7.507927341482184,0.4,2,-0.35081033429596536,-1.7540516714798269,2.0
Taylor Heinicke,Drake London,8,47.34557531503251,28.106455183249416,15.03921711174656,90.6965648854962,56.824034000875514,37.86711662918952,0.325,4.806685702152214,0.5,4,-0.4901302453508837,-3.9210419628070694,4.375
Zach Wilson,Randall Cobb,8,46.96338699766819,31.70077791961375,2.205203655909549,99.84184365115227,55.64311743330181,38.283656562034565,0.35,6.6487013092960225,0.25,2,-1.1437327475650823,-9.149861980520658,1.0
Bailey Zappe,Ty Montgomery,5,45.41624611828095,20.10258729583574,26.35389414878688,73.61048350655219,47.13503976861894,43.697452467942966,0.8600000000000001,5.773287835346566,0.4,2,-0.6865223855827937,-3.4326119279139684,4.4
Gardner Minshew,D.J. Montgomery,6,45.34384066706937,18.817563692282814,24.730495363414278,64.46593865072126,39.60472864072543,51.08295269341332,0.7000000000000001,3.7143023368750403,0.5,3,-0.6731830907228865,-4.039098544337319,9.333333333333334
Tyrod Taylor,Darius Slayton,10,43.20824124411955,18.41982221623027,16.951900383175524,65.21739130434783,49.78199839224741,36.634484095991695,0.4600000000000001,5.38257948231464,0.8,8,0.5024259026395171,5.024259026395171,9.8
Taylor Heinicke,KhaDarel Hodge,6,43.176208121009246,18.874688672316438,20.434865301099,66.46313885119855,34.63297082142792,51.719445420590596,0.5166666666666667,3.5457697492948417,0.6666666666666666,4,0.433338339508434,2.6000300370506038,7.166666666666667
Baker Mayfield,Deven Thompkins,9,42.60400842999173,14.9849813487846,18.983520855868868,61.782647989155,54.911255299352256,30.2967615606312,0.7555555555555555,6.855556844478032,0.5555555555555556,5,-0.13095451531828303,-1.1785906378645472,5.444444444444445
Deshaun Watson,Donovan Peoples-Jones,5,42.48733893151236,31.89573026817952,17.786993898866854,98.3491632745364,43.67154190151526,41.30313596150947,0.16,5.301431942556324,0.6,3,-0.023834747693033974,-0.11917373846516988,5.8
Jameis Winston,Chris Olave,7,40.483593487355314,34.90999660811501,2.37772820337136,92.96698326549073,29.283635578925118,51.68355139578551,0.6285714285714287,6.134074007036633,0.42857142857142855,3,0.17988058221193898,1.259164075483573,7.714285714285714
Taylor Heinicke,Jonnu Smith,5,40.41109550833633,23.811407984904484,16.16834170854272,67.98418972332016,42.74824163544337,38.07394938122929,0.3,6.230738973604264,0.2,1,-1.047010414744725,-5.235052073723625,3.2
Mitchell Trubisky,Diontae Johnson,9,38.33847005850985,22.40894276390111,10.51507537688442,59.6701310438319,61.433614525588496,15.243325591431203,0.24444444444444446,10.594512065965288,0.5555555555555556,5,0.8745787556011534,7.871208800410381,9.0
Bailey Zappe,Jalen Reagor,6,35.86649743121007,18.30997200310126,13.772890042027612,60.63931297709924,47.62281116879388,24.110183693626258,0.19999999999999998,8.488188237743387,0.3333333333333333,2,-1.2236084930870368,-7.341650958522221,2.6666666666666665
Easton Stick,Keelan Doss,6,35.72942292781689,18.668858236167384,11.629520377036492,60.90171755725192,39.6515276234953,31.807318232138474,0.7000000000000001,6.490881657994422,0.5,3,-0.39585628106336435,-2.375137686380186,3.0
